{
  "results": [
    {
      "name": "\u6781\u77ed ~50tok",
      "in": 0,
      "out": 0,
      "tot": 0,
      "cr_sse": 0.009123495936981758,
      "cr_api": 0,
      "time": 2.101799488067627
    },
    {
      "name": "\u77ed ~100tok",
      "in": 0,
      "out": 0,
      "tot": 0,
      "cr_sse": 0.011745603698175787,
      "cr_api": 0,
      "time": 2.50948166847229
    },
    {
      "name": "\u4e2d\u7b49 ~500tok",
      "in": 0,
      "out": 0,
      "tot": 0,
      "cr_sse": 0.019804963830845772,
      "cr_api": 0,
      "time": 2.9104113578796387
    },
    {
      "name": "\u957f\u8f93\u51fa",
      "in": 0,
      "out": 0,
      "tot": 0,
      "cr_sse": 0.11302549598673299,
      "cr_api": 0,
      "time": 13.354738473892212
    }
  ],
  "totals": {
    "in": 0,
    "out": 0,
    "tot": 0,
    "credits": 0.1536995594527363
  }
}